{"cameraMode":{"drawMode":0,"name":"Shaded","section":"Shading Mode"},"sceneLighting":true,"audioPlay":false,"sceneViewState":{"showFog":true,"showMaterialUpdate":false,"showSkybox":true,"showFlares":true,"showImageEffects":true,"showParticleSystems":true},"in2DMode":false,"pivot":{"x":2.014624834060669,"y":-1.7908589839935303,"z":-6.184780597686768},"rotation":{"x":0.10779046267271042,"y":0.0020893074106425049,"z":-0.00022713519865646958,"w":0.9941774606704712},"size":11.923491477966309,"orthographic":true}