{"cameraMode":{"drawMode":0,"name":"Shaded","section":"Shading Mode"},"sceneLighting":true,"audioPlay":false,"sceneViewState":{"showFog":true,"showMaterialUpdate":false,"showSkybox":true,"showFlares":true,"showImageEffects":true,"showParticleSystems":true},"in2DMode":false,"pivot":{"x":-7.0627570152282719,"y":-11.327579498291016,"z":-14.306737899780274},"rotation":{"x":0.10669595748186112,"y":-0.8819409012794495,"z":0.2406674325466156,"w":0.39099377393722536},"size":25.64609146118164,"orthographic":false}