{"cameraMode":{"drawMode":0,"name":"Shaded","section":"Shading Mode"},"sceneLighting":false,"audioPlay":false,"sceneViewState":{"showFog":true,"showMaterialUpdate":false,"showSkybox":false,"showFlares":true,"showImageEffects":true,"showParticleSystems":true},"in2DMode":false,"pivot":{"x":8.359999656677246,"y":0.3499999940395355,"z":-1.25},"rotation":{"x":0.07630804926156998,"y":-0.9199886322021484,"z":0.31142085790634158,"w":0.22542522847652436},"size":2.0005195140838625,"orthographic":false}