{"cameraMode":{"drawMode":0,"name":"Shaded","section":"Shading Mode"},"sceneLighting":true,"audioPlay":false,"sceneViewState":{"showFog":true,"showMaterialUpdate":false,"showSkybox":true,"showFlares":true,"showImageEffects":true,"showParticleSystems":true},"in2DMode":false,"pivot":{"x":-9.503927230834961,"y":-18.653278350830079,"z":-14.435413360595704},"rotation":{"x":0.10994524508714676,"y":-0.8899127840995789,"z":0.3042190968990326,"w":0.32161545753479006},"size":51.71613693237305,"orthographic":false}