{"cameraMode":{"drawMode":0,"name":"Shaded","section":"Shading Mode"},"sceneLighting":false,"audioPlay":false,"sceneViewState":{"showFog":true,"showMaterialUpdate":false,"showSkybox":false,"showFlares":true,"showImageEffects":true,"showParticleSystems":true},"in2DMode":false,"pivot":{"x":0.7901043891906738,"y":-6.259359359741211,"z":-0.340584397315979},"rotation":{"x":0.01030195876955986,"y":-0.920438826084137,"z":0.02430204302072525,"w":0.39001840353012087},"size":34.22709274291992,"orthographic":false}