{"cameraMode":{"drawMode":0,"name":"Shaded","section":"Shading Mode"},"sceneLighting":false,"audioPlay":false,"sceneViewState":{"showFog":true,"showMaterialUpdate":false,"showSkybox":false,"showFlares":true,"showImageEffects":true,"showParticleSystems":true},"in2DMode":false,"pivot":{"x":336.5102233886719,"y":199.1519775390625,"z":6.935059547424316},"rotation":{"x":-0.03479820862412453,"y":-0.015892010182142259,"z":0.0005534301744773984,"w":-0.9992693066596985},"size":257.1422424316406,"orthographic":true}