{"cameraMode":{"drawMode":0,"name":"Shaded","section":"Shading Mode"},"sceneLighting":false,"audioPlay":false,"sceneViewState":{"showFog":true,"showMaterialUpdate":false,"showSkybox":false,"showFlares":true,"showImageEffects":true,"showParticleSystems":true},"in2DMode":false,"pivot":{"x":296.0973815917969,"y":512.139404296875,"z":31.973892211914064},"rotation":{"x":-0.04978152737021446,"y":-0.017379768192768098,"z":0.0008664608467370272,"w":-0.9986106157302856},"size":459.1412658691406,"orthographic":false}